GROUP;PERMNO;IBESTICKER
C;10026;JJSF
C;10032;PLUS
C;10044;RMCF
C;10182;TECD
C;10200;RGEN
C;10257;DGSI
C;10297;
C;10308;TCTC
C;10318;BLCP
C;10355;
C;10382;ASTE
C;10463;REFR
C;10517;ARON
C;10649;PTSI
C;10656;AA0A
C;10812;HTLD
C;10860;EPTO
C;10866;BG
C;10901;ITIC
C;11018;FFPR
C;11043;PMD
C;11267;CACO
C;11285;FBNC
C;11292;IM0C
C;11293;WSBC
C;11343;SAFM
C;11441;
C;11442;CHCO
C;11499;AA3E
C;11547;CNMD
C;11565;HBNC
C;11628;CPBI
C;11664;GDOT
C;11691;ALEX
C;11750;
C;11775;JWAI
C;11809;CLHB
C;11992;CHFC
C;11995;COKE
C;12007;OXF
C;12008;DYCO
C;12009;QUAX
C;12036;GMT
C;12051;ILL
C;12078;ELDM
C;12088;PSTT
C;12173;GNCM
C;12189;HIFS
C;12209;LWAY
C;12211;LINZ
C;12226;MWGP
C;12248;
C;12310;CHAC
C;12329;EFNC
C;12355;HRZT
C;12356;KEYW
C;12363;VRA
C;12374;IPHI
C;12391;CREM
C;12400;LPLA
C;12402;PRMW
C;12405;SODN
C;12451;GCAP
C;12477;WDWD
C;12487;
C;12497;VTUS
C;12502;
C;12509;
C;12540;AGRO
C;12541;INXN
C;12557;IFTZ
C;12559;NPTN
C;12575;ECYT
C;12577;FLDM
C;12615;FTFL
C;12639;CSOD
C;12640;SREV
C;12644;UANN
C;12645;ELLI
C;12667;MDGZ
C;12689;GMLP
C;12696;STBZ
C;12783;THRA
C;12785;UHCO
C;12786;VOCA
C;12792;EGAL
C;12795;RPXC
C;12798;WIFI
C;12871;GSJK
C;12877;PRTL
C;12905;SCKE
C;12915;FRAH
C;12916;HWLT
C;12920;
C;12922;
C;12924;TNGO
C;12927;ZIL
C;13009;
C;13015;STBT
C;13019;GNEE
C;13041;LMOS
C;13049;ZLTQ
C;13085;MRWC
C;13106;ANGI
C;13111;NLNK
C;13145;GZT
C;13159;CND
C;13172;BOXC
C;13185;JE
C;13196;RLGT
C;13198;JA0F
C;13262;IXCC
C;13265;ONSC
C;13299;MSN
C;13302;RMRM
C;13305;RXNN
C;13316;VCRA
C;13326;MTSZ
C;13327;NVDT
C;13329;CFPR
C;13399;TLYS
C;13403;TGLS
C;13429;ALXE
C;13454;EXAZ
C;13502;EGLH
C;13508;NGVC
C;13521;XNWK
C;13527;FWIN
C;13528;
C;13543;GMEZ
C;13564;
C;13577;HYPK
C;13579;NBHC
C;13584;SUSP
C;13599;LFLT
C;13615;LGPL
C;13625;SSTK
C;13631;AMNF
C;13658;00JH
C;13678;ALDW
C;13692;GGBN
C;13694;CGMZ
C;13704;ACEN
C;13705;PLPM
C;13706;PRTA
C;13712;FMGQ
C;13713;WFBI
C;13736;SBYY
C;13743;ERAG
C;13749;CASU
C;13756;GLCP
C;13777;AMSW
C;13796;TDLP
C;13798;ORMP
C;13799;XONE
C;13819;SSNI
C;13825;ENTA
C;13829;TTPH
C;13830;WTSZ
C;13862;TMHC
C;13866;INLT
C;13878;MDXG
C;13883;OVSC
C;13885;
C;13895;EMES
C;13906;WLH
C;13918;ADHD
C;13919;ABK
C;13921;CUUU
C;13927;HCAP
C;13931;ASFG
C;13939;FRMM
C;13954;ESPT
C;13962;NSTQ
C;13966;PETX
C;13976;HE10
C;13977;BIOA
C;14041;STGP
C;14044;AGIO
C;14045;00WW
C;14055;OMED
C;14063;CVTN
C;14076;MSUA
C;14086;WPTN
C;14087;YUME
C;14089;FIFI
C;14095;CTRZ
C;14101;RGDO
C;14107;TNXP
C;14134;OCIR
C;14137;TMNC
C;14141;SAPC
C;14145;AAOI
C;14151;CPTA
C;14161;FPRX
C;14164;FULE
C;14167;OPHT
C;14169;PRIN
C;14174;CYPC
C;14175;TCFF
C;14176;XLRN
C;14185;COSH
C;14213;MMIU
C;14230;SGMM
C;14235;ESNT
C;14245;FATE
C;14247;FTDC
C;14257;MGNX
C;14260;SCIA
C;14263;VCYT
C;14267;ARCX
C;14271;CUDA
C;14273;CHGG
C;14274;TCSS
C;14300;EGVN
C;14308;DLNG
C;14313;IPWR
C;14316;KPTI
C;14317;LGIH
C;14319;OXFI
C;14336;UUUU
C;14342;VLPP
C;14359;XNCR
C;14378;000R
C;14380;CELP
C;14400;NWHM
C;14417;NATD
C;14421;ABIL
C;14422;CARA
C;14426;DRNA
C;14431;GLYM
C;14432;ITCK
C;14433;00OG
C;14434;MBUU
C;14436;000Y
C;14440;AMDS
C;14441;SMTP
C;14442;TRVN
C;14451;001L
C;14456;EGRX
C;14457;FLXN
C;14458;GNCA
C;14459;001M
C;14464;NGHC
C;14466;QURE
C;14487;001J
C;14490;NEWM
C;14493;GPRK
C;14495;002P
C;14498;HIVE
C;14499;002L
C;14521;TNET
C;14526;APOG
C;14527;002Y
C;14530;AKAO
C;14531;AKBA
C;14532;AMRK
C;14535;AQXP
C;14540;GLMD
C;14545;LPCN
C;14547;002J
C;14550;001X
C;14554;TWOU
C;14556;00AI
C;14579;003H
C;14580;RUBI
C;14589;003A
C;14590;AGFS
C;14594;31
C;14596;FIVN
C;14599;HE18
C;14604;PFIS
C;14609;SPWH
C;14625;005H
C;14642;42
C;14645;005I
C;14650;BWFG
C;14651;CTREV
C;14653;FMBH
C;14654;FRSH
C;14658;KTWO
C;14666;QTNT
C;14667;RESN
C;14668;SCYX
C;14669;44
C;14670;SFBS
C;14671;SGBK
C;14674;TBPH
C;14675;00TA
C;14677;55
C;14682;RYAMW
C;14684;TMSTW
C;14687;006K
C;14688;75
C;14695;KITE
C;14707;70
C;14711;ZFGN
C;14713;74
C;14715;006M
C;14734;79
C;14752;TPL
C;14773;DPTR
C;14774;PFNX
C;14778;008J
C;14781;TPUB
C;14782;TRUP
C;14785;GLOB
C;14789;RIGP
C;14793;CARO
C;14803;HQY
C;14813;MARA
C;14821;NAME
C;14823;OCUL
C;14828;008A
C;14829;
C;14834;TUBE
C;14852;ICD
C;14871;LOXO
C;14879;TTOO
C;14881;WLRHU
C;14884;VEC
C;14898;CNNX
C;14918;TVPT
C;14925;GDNH
C;14928;00BG
C;14929;FOMX
C;14930;GWGH
C;14938;
C;14941;HYHWI
C;14944;LBRDA
C;14945;00BV
C;14951;BGSF
C;14953;00DB
C;14954;DPLO
C;14969;GWB
C;14972;JPEP
C;14985;OMAM
C;14992;
C;15003;00BY
C;15014;00C9
C;15016;SIEN
C;15017;
C;15022;VBTX
C;15028;00EX
C;15046;NVRO
C;15055;0,00E+00
C;15056;ADMA
C;15060;00EI
C;15061;CPHR
C;15062;00RU
C;15064;FFWM
C;15072;JYNT
C;15083;00DD
C;15087;UPLD
C;15091;KLXIV
C;15108;NEWR
C;15110;ONDK
C;15116;00FR
C;15125;BLCM
C;15128;HDP
C;15132;HSGX
C;15133;00FF
C;15139;VNOM
C;15144;PATIV
C;15145;00I0
C;15164;00HM
C;15168;VSTOW
C;15170;00LV
C;15176;ENTL
C;15177;FLKS
C;15178;013S
C;15180;00HK
C;15181;00I7
C;15183;ONCE
C;15198;NVTA
C;15215;VNRX
C;15224;NVET
C;15263;MXPT
C;15271;
C;15273;SLTT
C;15277;
C;15280;
C;15284;BPMC
C;15290;VIGS
C;15293;
C;15305;XBIT
C;15315;GDDY
C;15336;00ON
C;15351;FTAI
C;15357;
C;15359;TEGP
C;15362;
C;15371;00O9
C;15372;FENX
C;15374;HTGM
C;15383;STKS
C;15386;
C;15394;MJCO
C;15396;00Q7
C;15397;00QV
C;15399;00R2
C;15403;LMII/3
C;15407;SPNE
C;15409;00RZ
C;15415;CAFD
C;15416;00RX
C;15417;CTEX
C;15418;00RK
C;15420;
C;15432;00RJ
C;15434;PTXP
C;15440;00R6
C;15441;
C;15454;GKOS
C;15457;ATRO
C;15466;00SZ
C;15482;UNVR
C;15486;AXON
C;15487;GMR
C;15489;BNED
C;15491;AEMD
C;15493;AQMS
C;15496;CFMS
C;15505;
C;15530;MCFT
C;15533;00TI
C;15534;NTRA
C;15538;PGLC
C;15541;00T2
C;15542;VTVT
C;15590;00S8
C;15599;BETR
C;15623;00UB
C;15627;PLNT
C;15630;00TU
C;15637;
C;15639;
C;15644;SITO
C;15646;ZYNE
C;15647;00UX
C;15650;PJT
C;15653;
C;15654;
C;15664;
C;15702;CYBX
C;15710;00WB
C;15734;MPSX
C;15775;00VZ
C;15779;CTMX
C;15783;
C;15784;EDGE
C;15785;
C;15787;MIRN
C;15792;
C;15796;
C;15832;
C;15833;CERC
C;15837;DLTH
C;15838;EQBK
C;15840;FGBI
C;15849;MIME
C;15854;SBOTF
C;15856;VYGR
C;15860;OSG/1
C;15920;NOMD
C;15929;NBDF
C;16417;
C;17073;BSIC
C;17444;BELF/1
C;17523;SPA
C;17961;BGG
C;18570;BOBE
C;19271;
C;19675;SOHU
C;20117;CCXN
C;20336;CSPI
C;20395;CVB
C;20618;CRS
C;20670;CAMP
C;20765;GY
C;21135;FOE
C;21259;CSWC
C;23042;EDE
C;23799;CINN
C;24248;MPL
C;24476;COHR
C;24969;WWP
C;25452;CSII
C;26084;CTSK
C;26201;CMTL
C;26463;CTWS
C;26607;STAK
C;26614;SJI
C;26650;CTO
C;28629;DAIO
C;29058;AA2G
C;29285;DGAS
C;30509;
C;30648;COH
C;31238;EMCI
C;31691;AA55
C;32054;ESIO
C;32062;
C;33209;ENZO
C;33849;LGL
C;34948;OXM
C;35107;PKE
C;35263;FCAP
C;35917;FMBI
C;35991;ROG
C;36346;SRCE
C;36768;FLXS
C;36898;SCL
C;37875;FULL
C;37955;GKSR
C;38033;WEYS
C;38746;AXR
C;38850;SKY
C;39220;SMP
C;39328;
C;39693;B
C;41188;HATH
C;41292;HCSG
C;42059;WMK
C;42439;HONI
C;43634;IG1
C;44230;PFIN
C;44274;INSU
C;44943;DIO
C;46392;JEFG
C;46834;JOB
C;47002;KAMN
C;47379;KELY
C;47619;KTCC
C;47706;FSS
C;47715;KBAL
C;47723;KIMB
C;47730;ABM
C;47861;SGC
C;48144;KLIC
C;48291;LTXX
C;49322;ARLI
C;49429;DDS
C;49488;LSB
C;50243;
C;51829;MSCP
C;51960;MXWL
C;53074;MMMM
C;53604;GRC
C;53859;MSEX
C;54199;SJW
C;54253;MNES
C;54594;AIR
C;55212;SPW
C;55213;MORR
C;56710;
C;56822;NWLI
C;57007;TRC
C;57154;GLT
C;58421;AA28
C;58836;NKC
C;59185;OILC
C;59467;WMOR
C;59600;TDI
C;60038;ACU
C;60186;OBOD
C;60468;GHM
C;61146;PARR
C;61487;AA3B
C;62228;FEI
C;62359;PBT
C;62368;
C;62376;PHEL
C;62391;SJT
C;63125;PIOS
C;63132;DCO
C;63159;ESI
C;63706;
C;63715;POWL
C;63781;UDE
C;64020;LUB
C;64194;CHE
C;64929;QCHM
C;64961;QSII
C;65008;ASYS
C;65270;RCMT
C;65429;
C;65700;USLM
C;66245;MDC
C;66852;RELL
C;67360;UTL
C;67838;CSS2
C;68830;AVDO
C;69251;
C;69586;SBCF
C;71475;SWTR
C;71942;SPAN
C;72119;INP
C;72338;NHC
C;72611;
C;72980;SISC
C;72996;STFL
C;74740;
C;75069;
C;75233;LIG
C;75272;TE1B
C;75509;SUBK
C;75605;FRME
C;75853;AMT1
C;75905;GIII
C;75976;NEOG
C;75985;HLFS
C;76135;GCCO
C;76207;ACAT
C;76266;PARK
C;76330;AA1M
C;76504;CATY
C;76544;HRTE
C;76573;MLI
C;76582;RBIN
C;76591;QDEL
C;76711;RGIS
C;76722;STFC
C;76732;IHOP
C;76752;PRGS
C;76837;HAE
C;76839;FIZ
C;76927;STCT
C;76934;ISIG
C;76978;RNTK
C;77082;ARIS
C;77090;ATNI
C;77114;WRLD
C;77165;JBSS
C;77175;AMSC
C;77208;AA2P
C;77256;IUBC
C;77279;ABAX
C;77354;SCH1
C;77366;ELY
C;77369;
C;77393;BTIM
C;77415;NTBY
C;77420;FRED
C;77425;USAK
C;77505;VTEL
C;77515;KOPN
C;77526;PHCO
C;77528;STBA
C;77530;SMRT
C;77643;FWZL
C;77679;COLB
C;77780;CEN2
C;77862;LAYN
C;77868;PRCP
C;77897;CSNO
C;77902;CAK1
C;77917;ASGN
C;77918;LFUS
C;77920;BLX
C;77971;EFII
C;78001;KMET
C;78018;CPSS
C;78044;UNFI
C;78054;RIMG
C;78081;LGND
C;78137;CKOR
C;78156;HMSY
C;78201;SISG
C;78527;ORBK
C;78693;UFCS
C;78701;ABZ1
C;78756;OFIX
C;78759;SPNS
C;78763;BCB1
C;78892;IEC2
C;78903;PEBO
C;78950;ALMO
C;78955;AVID
C;78971;GILT
C;78985;MAG3
C;78990;MWRK
C;79007;SCVL
C;79116;TCBK
C;79150;ANIK
C;79159;CWEI
C;79166;AA5G
C;79195;SUPI
C;79198;TWII
C;79249;BBSI
C;79299;PZZA
C;79303;USTR
C;79307;SHLO
C;79313;
C;79322;
C;79336;LBY
C;79382;FDEF
C;79399;KTEC
C;79507;MCRI
C;79618;PZZI
C;79628;UTEK
C;79686;DECK
C;79734;RVSB
C;79747;UBSH
C;79791;CNTY
C;79796;ASFC
C;79841;LAND
C;79864;AA4N
C;79878;UFPI
C;79884;WMA1
C;79885;
C;79909;MHO
C;80054;MEDF
C;80069;ARWR
C;80112;CACB
C;80168;
C;80179;VALU
C;80185;PLT1
C;80193;BZH
C;80233;DAKT
C;80274;SGM1
C;80276;SLTD
C;80294;RGCO
C;80336;
C;80341;MPAA
C;80357;PSON
C;80375;ZEUS
C;80478;SMBC
C;80539;INHL
C;80575;SMCO
C;80587;AVC
C;80625;
C;80640;LJPC
C;80682;FGP
C;80812;FBST
C;80857;VLG1
C;80912;TG02
C;80955;
C;80960;
C;80969;CVTI
C;80990;LION
C;81013;TSEM
C;81084;HU0I
C;81095;NWSB
C;81134;CYD
C;81165;MITC
C;81184;USAP
C;81220;NSIT
C;81222;RECH
C;81241;BRK2
C;81254;IAAC
C;81282;TSAI
C;81292;TRK
C;81541;AVND
C;81560;GFE1
C;81565;
C;81620;HDNG
C;81665;GML
C;81728;
C;81912;AVX1
C;82107;WSAM
C;82156;AA09
C;82251;AA3C
C;82511;NURT
C;82518;RI0O
C;82521;RSY1
C;82541;NUMR
C;82547;AEIS
C;82573;FFIC
C;82575;FWWB
C;82599;NWPX
C;82643;LXK
C;82649;SWM
C;82743;SGAS
C;82831;NEO
C;82860;SPH
C;83120;CMC3
C;83124;CSGS
C;83145;IRIX
C;83233;GBC
C;83239;
C;83291;MSPG
C;83366;CRBO
C;83414;SASR
C;83422;SYK1
C;83469;ATRN
C;83486;
C;83504;
C;83509;FTIC
C;83547;PFBI
C;83601;WTHG
C;83622;ARDM
C;83683;PRV1
C;83690;
C;83734;BILL
C;83738;CASS
C;83774;OCFC
C;83799;STR4
C;83831;
C;83856;CRSV
C;83950;SPPI
C;83965;STF1
C;83969;WLFC
C;84030;
C;84103;METZ
C;84140;
C;84176;EWSC
C;84255;SEAC
C;84275;UNF2
C;84319;LMTR
C;84325;SNAK
C;84365;DEL1
C;84387;RM1
C;84438;SNHY
C;84516;CCBR
C;84531;
C;84563;SLGN
C;84636;WTFC
C;84668;
C;84725;AA3F
C;84734;FLGS
C;84749;NSBC
C;84780;KNLL
C;84820;ATAN
C;84825;PBHC
C;85019;KMGB
C;85077;SRT1
C;85176;AA4U
C;85187;HSKA
C;85299;LKFN
C;85314;QADI
C;85332;AA5A
C;85418;AA51
C;85419;CSU
C;85427;GPI
C;85440;SRI1
C;85449;FDP
C;85464;CWST
C;85482;NRCI
C;85488;OSIS
C;85540;CTIB
C;85567;OYOG
C;85576;RNWK
C;85586;ARKR
C;85705;NICF
C;85724;CEC1
C;85726;DINE
C;85728;EVBS
C;85738;MCRY
C;85741;NARA
C;85744;RMTI
C;85751;TSBK
C;85829;HFBC
C;85883;
C;85886;PCCC
C;85953;SFO
C;85972;CRAI
C;85982;KATE
C;86042;HDWR
C;86048;ANSR
C;86091;SBSI
C;86113;
C;86115;CLS2
C;86157;COBZ
C;86178;LMIA
C;86211;MCST
C;86233;USU
C;86250;CFNL
C;86260;ELON
C;86287;RBCA
C;86290;CVV
C;86299;UCFI
C;86302;HTBK
C;86305;CVG
C;86382;FBSY
C;86384;CCNE
C;86435;TCHC
C;86489;AIR1
C;86573;
C;86578;LACO
C;86593;GBL
C;86594;KFY
C;86709;AMJK
C;86717;EPAY
C;86763;ABTL
C;86793;YAVY
C;86810;TWP1
C;86818;AA4Q
C;86819;CCRT
C;86820;CFFN
C;86822;EXTM
C;86896;CBSI
C;86929;AUDC
C;87014;BSRR
C;87016;IDSY
C;87067;FNLC
C;87086;PRTF
C;87114;MBWM
C;87160;DTLK
C;87168;
C;87172;LIOX
C;87236;INAP
C;87251;RDWR
C;87268;CIRI
C;87356;WWFE
C;87361;PCTI
C;87379;CLCT
C;87394;IMMR
C;87430;WFII
C;87464;HBP
C;87488;FA1F
C;87501;MCBC
C;87510;PFSW
C;87532;CDL
C;87533;
C;87608;GIGM
C;87696;EXAR
C;87725;EXPO
C;87759;CMLH
C;87789;LMNX
C;87837;LTS
C;87952;FFSM
C;88152;CCMP
C;88167;HSTM
C;88173;LEXG
C;88181;NVMI
C;88183;OPOF
C;88260;PXLW
C;88264;SONS
C;88287;DLA
C;88319;VSTO
C;88351;INNZ
C;88384;USB
C;88427;CAMT
C;88462;PTIE
C;88534;INNV
C;88546;
C;88568;SSPR
C;88597;HNM
C;88635;MBRG
C;88648;TTMI
C;88719;AMRB
C;88740;POZN
C;88779;HOWT
C;88820;PGC
C;88871;MCF
C;88895;MPXC
C;88908;CE1A
C;88940;AFCE
C;88944;FCB2
C;88963;DGIC
C;88965;FI2L
C;88970;SH0O
C;88988;IDTC
C;88994;
C;89022;
C;89031;TASR
C;89044;PDFS
C;89109;NCFC
C;89141;PLPC
C;89167;CCRN
C;89168;CHFN
C;89202;RBNF
C;89211;PWBI
C;89215;ADDY
C;89262;
C;89289;STGE
C;89290;SYNA
C;89307;MANI
C;89317;
C;89323;UCB2
C;89349;TNP2
C;89406;NPO
C;89443;WHG
C;89449;KIRK
C;89455;RUSH
C;89456;LYTS
C;89541;EEQ
C;89609;ANGN
C;89615;CA3L
C;89653;PFS
C;89655;PMIS
C;89741;
C;89756;HSWI
C;89793;DTSY
C;89823;G0OD
C;89824;PRSC
C;89857;MEXC
C;89891;BOVI
C;89898;OMRI
C;89915;MGRC
C;89938;OLBK
C;89942;UNGL
C;89946;AEI
C;89960;KR04
C;89964;NNI
C;89973;UTIZ
C;90012;PETS
C;90037;ARCO
C;90080;CLFT
C;90082;CE1E
C;90088;MRCX
C;90092;SBRA
C;90097;UCTT
C;90125;CORH
C;90179;ANGO
C;90187;BLNI
C;90213;MGII
C;90214;NTRI
C;90238;SNMX
C;90253;HEPL
C;90274;ACNX
C;90279;CRME
C;90303;CNST
C;90313;CA1S
C;90314;CVGI
C;90353;BECN
C;90359;HEOP
C;90366;STOM
C;90377;NANO
C;90399;ACFC
C;90404;CSLM
C;90423;THRI
C;90444;ORAT
C;90458;NWPS
C;90474;
C;90490;TBBK
C;90506;MDHC
C;90517;SVA
C;90531;PHHC
C;90534;CZNC
C;90540;NABG
C;90542;PSDZ
C;90544;SU18
C;90548;ARPC
C;90564;PBHI
C;90568;VCCC
C;90590;
C;90603;PBLA
C;90630;DSXX
C;90637;PBIP
C;90672;RALI
C;90679;JVA
C;90698;TLP
C;90700;XRM
C;90706;CTRE
C;90711;RCKB
C;90716;ABX
C;90718;BFIN
C;90731;HTGC
C;90734;LHCG
C;90783;FTK
C;90791;TISG
C;90803;CNLS
C;90853;SSWN
C;90856;ATCR
C;90868;OFLX
C;90870;RLLO
C;90875;NOUT
C;90900;GHDX
C;90914;WBMD
C;90949;FBIZ
C;90950;GSAS
C;90954;MAHT
C;90957;NXTM
C;90971;IRBT
C;90983;PEBK
C;91018;CMHC
C;91075;ARII
C;91080;HEES
C;91083;
C;91090;CROX
C;91171;CPBC
C;91176;
C;91263;AHGP
C;91360;NCBN
C;91365;RDYN
C;91366;SNCR
C;91397;
C;91402;GTLS
C;91403;KLU3
C;91426;AYR
C;91432;INWK
C;91434;OSIR
C;91486;SFLY
C;91489;EVEP
C;91497;
C;91498;EHTH
C;91500;EXLS
C;91503;LMAT
C;91510;UCLP
C;91514;VPFG
C;91571;EBO
C;91600;OBIG
C;91604;ALTL
C;91608;CZFC
C;91609;CZWI
C;91614;IPHS
C;91618;ORBC
C;91622;SOAN
C;91625;WLDN
C;91656;TOR
C;91666;GUID
C;91672;MNOV
C;91674;NEWS
C;91692;HFF
C;91733;AVAV
C;91750;FIG
C;91754;IIIU/1
C;91801;TTO
C;91813;CELM
C;91822;NCMI
C;91826;APNI
C;91854;UFS
C;91895;CPLZ
C;91901;GSIT
C;91902;HYNI
C;91959;ESSA
C;91979;CAPI
C;92010;JMPG
C;92043;IBKR
C;92050;PODD
C;92052;TTGT
C;92102;SCOR
C;92131;PLGZ
C;92143;PROH
C;92174;GSCP
C;92181;MVG
C;92220;MASH
C;92229;VRTU
C;92230;SPCB
C;92303;FFNW
C;92309;THAT
C;92314;SMLC
C;92320;BYRS
C;92343;NAQ
C;92354;PZNM
C;92405;OZM
C;92432;ENIG
C;92443;NFBK
C;92454;TNMD
C;92457;CATM
C;92467;OMGC
C;92469;SATS
C;92471;TITN
C;92493;LRN
C;92506;TRS
C;92571;PIVC
C;92583;TRTC
C;92593;MOFG
C;92640;FEMK
C;92686;SPDU
C;92753;ERII
C;92769;HLSY
C;92773;RPSD
C;92777;ASCM
C;92780;HCII
C;92782;MYRR
C;92797;MHH
C;92809;FSFG
C;92810;HBCP
C;92852;LOPE
C;92878;
C;92902;BDPI
C;92913;RSTS
C;92917;TWRT
C;92935;SH0N
C;92981;ASPS
C;92987;TBNK
C;93004;CPIX
C;93065;MG
C;93085;OMER
C;93123;PCQC
C;93131;EM0R
C;93175;KRA
C;93188;ACBD
C;93189;CBPO
C;93237;SYBD
C;93246;GNRC
C;93266;QNST
C;93300;ANTH
C;93340;AOLS
C;93356;SPCS
C;93384;RRTT
C;93393;GNMK
C;93397;LMNR
C;93399;NAUH
C;93427;FNN
G1;10001;GFGC
G1;10158;AMCR
G1;10232;
G1;10363;ADMG
G1;10397;WERN
G1;10443;PA27
G1;10501;AMWD
G1;10530;KITS
G1;10606;WATT
G1;10781;
G1;10890;BGH
G1;10966;LECT
G1;11006;FLIC
G1;11144;AVD
G1;11174;CNGR
G1;11203;PXRE
G1;11246;
G1;11369;UBSI
G1;11397;WASH
G1;11481;DLPH
G1;11641;CELL
G1;11707;CBAM
G1;11731;AAIC
G1;11752;IIVI
G1;11825;CYBE
G1;12082;MMYT
G1;12089;RPP
G1;12149;COB
G1;12166;RFBI
G1;12348;BBRG
G1;12380;FLDT
G1;12384;SEMG
G1;12413;ZGNX
G1;12452;HAQP
G1;12480;ACNB
G1;12493;QADA
G1;12498;ANCB
G1;12684;ARCD
G1;12758;ECOL
G1;12781;LG
G1;12797;SZYM
G1;12913;CHEF
G1;12957;PERZ
G1;13077;CHKK
G1;13080;IMPP
G1;13255;AVG
G1;13267;RZC
G1;13319;SAGQ
G1;13321;CSTE
G1;13337;FET
G1;13400;WAGE
G1;13411;XNOM
G1;13524;DFRG
G1;13529;
G1;13547;MNCT
G1;13594;CBFC
G1;13600;QLYS
G1;13621;PBYI
G1;13656;SOHS
G1;13769;AMS
G1;13797;FIBP
G1;13802;APAM
G1;13816;MODN
G1;13837;EVRC
G1;13867;KNOP
G1;13875;HWNW
G1;13877;IBTX
G1;13890;ECOM
G1;13924;EPZM
G1;13934;NBCB
G1;13935;NRCI1
G1;13943;TSCS
G1;13959;NDLS
G1;13969;SAMG
G1;13993;GTLT
G1;14042;UCPN
G1;14106;STCK
G1;14127;
G1;14149;BNFT
G1;14221;RMAX
G1;14298;BCRH
G1;14301;NVIG
G1;14312;HMHC
G1;14467;RVNC
G1;14479;001K
G1;14502;002G
G1;14505;ENLC
G1;14538;DPRX
G1;14544;LEYS
G1;14546;MDWD
G1;14574;002S
G1;14607;
G1;14617;004F
G1;14646;ALDR
G1;14661;OXBR
G1;14810;ISTR
G1;14812;LOCO
G1;14822;NERV
G1;14836;XENT
G1;14857;HMLP
G1;14858;VTTI
G1;14882;ERI
G1;14915;00C5
G1;14923;AFMD
G1;14932;MI2O
G1;14935;PRQR
G1;14936;RWLK
G1;14943;CBFV
G1;14950;00II
G1;14956;00CB
G1;14982;VSLR
G1;14989;
G1;15011;MELR
G1;15020;VBLT
G1;15065;FGEN
G1;15080;SKIS
G1;15088;VA
G1;15119;WK
G1;15127;MSBT
G1;15137;00OE
G1;15169;00I2
G1;15184;TCON
G1;15203;ARTW
G1;15220;00IE
G1;15221;00JC
G1;15222;GNBP
G1;15226;PDVW
G1;15287;CRBP
G1;15292;016T
G1;15294;KMPH
G1;15297;DSGS
G1;15298;FRMT/1
G1;15302;VIRT
G1;15363;BOJA
G1;15378;00O8
G1;15424;DHXM
G1;15425;DTEA
G1;15426;FOGO
G1;15430;00RL
G1;15451;00QF
G1;15485;XTLY
G1;15523;00TR
G1;15527;LOB
G1;15537;ALOT
G1;15539;PVBC
G1;15540;
G1;15658;RGNX
G1;15709;ACBI
G1;15788;MYOK
G1;15793;00W1
G1;15847;KURO
G1;16030;AVTR
G1;16126;AZTC
G1;19880;BSIM
G1;20512;CACI
G1;20750;CWTR
G1;21785;
G1;27909;CULP
G1;27975;MSB
G1;31051;DYNT
G1;31077;CUB
G1;31480;EML
G1;37217;TO1
G1;37402;FSTR
G1;39731;GCOM/1
G1;40440;DBD
G1;42796;MDP
G1;42922;HURC
G1;43334;SYO
G1;43481;SXI
G1;43837;INHO
G1;45728;IVCR
G1;46042;IS0B
G1;47466;NYT
G1;47677;CSN
G1;50550;PCR
G1;50788;ESL
G1;53197;METH
G1;54675;
G1;54704;MODI
G1;55511;PNM
G1;55597;BW
G1;55678;
G1;57808;VSH
G1;58501;NPD
G1;58771;RBC
G1;59627;VIR
G1;60098;OTTR
G1;61496;PATK
G1;62033;RAV
G1;62958;
G1;63335;PDCC
G1;64785;PURO
G1;65306;UNF
G1;69199;SHLM
G1;71837;EEI
G1;74406;TRCC
G1;74836;
G1;75517;MRTN
G1;75526;CTND
G1;75622;BPT
G1;75649;TG
G1;75906;GSBC
G1;76052;MFRI
G1;76123;SJP
G1;76360;GTIM
G1;76613;IPOP
G1;76750;MNRO
G1;76868;AAON
G1;76946;TRNS
G1;77012;
G1;77236;PANR
G1;77501;BLDG
G1;77584;BKLE
G1;77595;ABFS
G1;77630;DWCH
G1;78451;FAHN
G1;78629;
G1;78876;CRYL
G1;78908;RCKY
G1;78915;UEIC
G1;78981;LSTR
G1;79033;SGA1
G1;79037;ETH
G1;79072;BANF
G1;79338;TOTE
G1;79491;GBIZ
G1;79499;INOD
G1;79571;FMWF
G1;79573;
G1;79666;TLF
G1;79667;BKS
G1;79866;SCHN
G1;80050;UFPT
G1;80128;VALM
G1;80254;MINI
G1;80498;ABCB
G1;80524;AA2Q
G1;80791;ADTN
G1;80837;PA26
G1;80951;TESS
G1;80962;CETV
G1;81564;ISBF
G1;81593;WMIH
G1;81621;HLIT
G1;81624;ISNS
G1;81740;SBGI
G1;82234;BTN
G1;82279;SENE
G1;82552;
G1;83148;LNDC
G1;83390;KVHI
G1;83520;JAKK
G1;83532;MDM
G1;83815;DIM1
G1;83827;
G1;83844;AWRE
G1;83961;RSTI
G1;84010;USNA
G1;84203;DAVE
G1;84210;FORR
G1;84226;ISCA
G1;84314;
G1;84338;TEO2
G1;84511;ASTM
G1;84624;MVSN
G1;84776;GCNC
G1;84808;GMRK
G1;85079;WRP1
G1;85372;FARO
G1;85424;DRQ
G1;85517;CHH2
G1;85570;CLCI
G1;85627;SAH1
G1;85710;POWI
G1;85789;BANA
G1;85796;SCS
G1;85798;SBB
G1;85903;CIX
G1;85939;CVH
G1;86092;SQLF
G1;86128;HZO
G1;86242;BELF
G1;86572;DSG1
G1;86720;EXBD
G1;86812;AATK
G1;86827;HSII
G1;86839;
G1;86876;WSCO
G1;86889;BFX1
G1;86899;LPNT
G1;86990;PHCM
G1;87084;PASW
G1;87167;ICGE
G1;87198;ARLP
G1;87227;EGAN
G1;87264;INNN
G1;87302;BSQR
G1;87321;GAIA
G1;87342;SBSA
G1;87476;BA3T
G1;87508;NTW2
G1;87614;LBAI
G1;87812;SLAB
G1;87832;AA10
G1;88197;FULT
G1;88266;SW1
G1;88341;EXJF
G1;88742;SHET
G1;88792;BKMU
G1;88857;YORW
G1;88951;
G1;88984;UBFO
G1;89025;
G1;89036;BABY
G1;89038;EVBN
G1;89048;SCAN
G1;89386;CMIK
G1;89394;OSTK
G1;89397;VRNT
G1;89425;WTBA
G1;89453;RRGB
G1;89573;PKBK
G1;89681;IPCC
G1;89695;
G1;89736;HTLF
G1;89792;CVCO
G1;89800;NTGE
G1;89941;TVZO
G1;89968;PJC
G1;90053;TE1H
G1;90194;STAP
G1;90221;RDDB
G1;90316;ELOS
G1;90371;BBWA
G1;90409;HURN
G1;90421;SIFI
G1;90440;NPIC
G1;90487;OSH
G1;90636;KFFB
G1;90715;ZUMZ
G1;90752;
G1;90886;GLP
G1;90902;IRTN
G1;90961;WAUW
G1;90982;VOCL
G1;90989;CUD
G1;91015;BC05
G1;91024;LSP
G1;91066;VIAB/1
G1;91086;ACRD
G1;91349;CLUB
G1;91355;HITN
G1;91357;HWCX
G1;91413;ERV
G1;91516;AWI
G1;91584;NOA
G1;91658;AIMC
G1;91659;ALGG
G1;91727;TAA
G1;91741;MSFB
G1;91743;ORIT
G1;91814;ARIC
G1;91821;MLNX
G1;91977;BGS
G1;92089;BIEF
G1;92111;
G1;92172;DHX
G1;92195;BNCL
G1;92206;SGLP
G1;92210;TYPE
G1;92379;TXNG
G1;92380;SRG
G1;92428;APEI
G1;92486;IDI
G1;92521;DGLY
G1;92528;AHCW
G1;92587;BEAT
G1;92589;SMOU
G1;92601;KNTX
G1;92716;BDGE
G1;92871;VRTP
G1;93035;SEMH
G1;93071;VTSP
G1;93079;ECHO
G1;93126;TJSW
G1;93128;COWN
G1;93185;TMH
G1;93272;CALX
G1;93304;FIBK
G1;93345;CDXS
G1;93401;TNAV
G1;93428;BSFT
G1;93434;SAWN
G2;10025;AEPI
G2;10239;BWI1
G2;10252;INDB
G2;10421;SKYW
G2;10550;PDEX
G2;10645;LAKE
G2;10779;ADGE
G2;10913;FFKT
G2;11154;PLAB
G2;11348;CNBK
G2;11379;DESI
G2;11636;APOS
G2;11654;
G2;11701;IMKT
G2;11884;JEAN
G2;12190;HTXA
G2;12332;HBMF
G2;12340;TOWL
G2;12437;BOW
G2;12446;FXCM
G2;12494;RNET
G2;12521;DMDA
G2;12573;ACRX
G2;12583;PCRX
G2;12629;MXS
G2;12698;TZYM
G2;12835;ILIF
G2;12884;FBNK
G2;12892;AMID
G2;12965;MTGE
G2;13037;BLMT
G2;13079;NDRO
G2;13203;
G2;13261;BVV
G2;13280;SYNC
G2;13303;NL
G2;13352;OAKC
G2;13366;
G2;13369;RILC
G2;13375;FRGI
G2;13405;CGCG
G2;13532;HBMD
G2;13537;JTHH
G2;13544;HCLP
G2;13563;JWCA
G2;13583;SMLP
G2;13632;FLTX
G2;13681;DKLP
G2;13747;SXCP
G2;13787;ZAIS
G2;13789;AFHU
G2;13794;HIIQ
G2;13812;MRIN
G2;13876;HMTV
G2;13903;BRSS
G2;13909;PGEM
G2;13917;CSTV
G2;13938;OTTI
G2;13947;BLUB
G2;13964;
G2;13965;BBMO
G2;14010;LXFT
G2;14043;WCIC
G2;14054;MYLG
G2;14057;SALE
G2;14088;TPRE
G2;14097;FOXF
G2;14136;RNGN
G2;14160;FMIU
G2;14172;PPII
G2;14177;MASW
G2;14198;ALOG
G2;14228;SRLP
G2;14244;EIGI
G2;14296;VNCE
G2;14299;EROS
G2;14310;FRBA
G2;14325;TDNM
G2;14326;WIXX
G2;14328;MCEH
G2;14337;FGLN
G2;14352;KINU
G2;14418;4
G2;14419;AKER
G2;14472;VRNS
G2;14506;EVDY
G2;14516;QTWO
G2;14528;AGTC
G2;14555;VSAR
G2;14615;003G
G2;14633;PBFX
G2;14637;TIMEW
G2;14643;GLOP
G2;14685;FNTN/1
G2;14690;ARDX
G2;14693;EBIG
G2;14716;006W
G2;14751;VRTVW
G2;14755;TSE
G2;14756;006Q
G2;14759;98
G2;14805;IMDZ
G2;14830;SPKE
G2;14851;90
G2;14872;LTRPA
G2;14873;
G2;14874;009J
G2;14890;CIVI
G2;14908;MDLY
G2;14942;00CC
G2;14960;00D3
G2;14970;HUBS
G2;14991;ATRA
G2;14995;00BW
G2;15008;00DA
G2;15045;NEFF
G2;15067;FRPT
G2;15068;HABT
G2;15071;INCR
G2;15074;NDRM
G2;15089;XENE
G2;15105;00GC
G2;15129;
G2;15186;VUZI
G2;15192;CPPL
G2;15242;00LB
G2;15276;STDY
G2;15295;KRNT
G2;15318;ASBC
G2;15324;00SG
G2;15332;
G2;15428;IVTY
G2;15429;LNTH
G2;15509;
G2;15514;00TY
G2;15532;00V4
G2;15550;CNXC
G2;15580;
G2;15585;TDOC
G2;15638;00UC
G2;15642;00U5
G2;15648;JAX
G2;15651;CSWI
G2;15694;00VC
G2;15774;00VY
G2;15794;SBBP
G2;15802;
G2;15841;
G2;16555;UVV
G2;16852;CBMX
G2;18438;SCX
G2;18973;BRCO
G2;19721;VVI
G2;21055;GCO
G2;23182;CHPK
G2;25304;HSC
G2;27167;COPY
G2;27617;
G2;29867;DMN2
G2;30840;
G2;31668;EDUC
G2;32299;AA2Z
G2;33532;ESCA
G2;34497;NPK
G2;34673;NP
G2;35685;FFBC
G2;37568;FELE
G2;41241;HWKN
G2;41452;HELE
G2;41574;SLS
G2;44768;IFSI
G2;45306;IMMC
G2;46077;ITEL
G2;46463;ISY
G2;49744;PCH
G2;50948;SMTC
G2;54244;
G2;56945;AMTC
G2;58675;PKD
G2;62922;
G2;64450;NJR
G2;65365;MYE
G2;65752;TMI
G2;68292;SRIC
G2;68718;
G2;71985;SPAR
G2;72304;STAA
G2;73219;STRM
G2;74500;
G2;75033;VOX
G2;75278;AC4
G2;75342;MTH
G2;75578;MERC
G2;75754;DO0N
G2;76128;VIC1
G2;76136;UNIT
G2;76224;BEI
G2;76392;MMSI
G2;76478;ESE
G2;76515;MEQ
G2;76686;LCUT
G2;76858;INNO
G2;76948;MGIC
G2;76958;NSAT
G2;77120;HMN
G2;77191;WAT1
G2;77271;SPNC
G2;77379;THFF
G2;77413;SCLN
G2;77519;TRST
G2;77637;FNQ
G2;77699;ERC1
G2;77785;WIRE
G2;77973;
G2;78015;MTX1
G2;78172;MCBX
G2;78179;MRVC
G2;78211;UVIH
G2;78213;ULBI
G2;78749;UG
G2;78900;NATH
G2;79019;UBCZ
G2;79108;SANM
G2;79248;ARGN
G2;79611;NAWT
G2;79731;QCHI
G2;79776;UTMD
G2;79790;ALHY
G2;79851;OSBC
G2;80007;OKSB
G2;80014;PMCT
G2;80236;DSPG
G2;80362;SCSC
G2;80633;HMNF
G2;80719;GBX
G2;80828;MIL2
G2;81116;VECO
G2;81182;TRAK
G2;81208;FSV1
G2;81584;IASI
G2;81893;PRO2
G2;82176;RABI
G2;82212;ROMC
G2;82261;LUM1
G2;82542;CH20
G2;82587;IVA1
G2;82621;WAND
G2;82634;SAM1
G2;82702;GLPC
G2;82859;REV
G2;83112;ANDE
G2;83272;HUBG
G2;83304;PRGX
G2;83387;JCT2
G2;83399;OCCF
G2;83642;AA3O
G2;83671;LBOR
G2;83779;PEGA
G2;83903;SNBC
G2;83910;TACT
G2;83916;TTE2
G2;84041;TGI1
G2;84084;HIBB
G2;84184;ACLY
G2;84185;
G2;84234;MLCH
G2;84385;ASF
G2;84607;EMKR
G2;85020;LFCO
G2;85390;PLCE
G2;85394;PSMT
G2;85397;RDCM
G2;85757;ACY1
G2;85768;
G2;85839;NUTR
G2;85860;BRKL
G2;85889;SRDX
G2;85909;HCMU
G2;85966;AA3Z
G2;86124;BMT1
G2;86165;DRVR
G2;86474;RFIL
G2;86544;INS2
G2;86560;ETM
G2;86582;PBCP
G2;86728;MTEX
G2;86778;MKSI
G2;86814;AMNB
G2;86866;TUES
G2;86887;DAGM
G2;86916;
G2;87066;EGOV
G2;87069;GCBC
G2;87077;MCMG
G2;87121;SLM1
G2;87179;NTCT
G2;87214;OMN
G2;87269;CIZ
G2;87437;DR0B
G2;87505;NKSH
G2;87589;BBGI
G2;87602;ELOY
G2;87658;EMA
G2;87797;ONVI
G2;88148;
G2;88166;GSOL
G2;88195;SGBS
G2;88280;BHL
G2;88367;PCBK
G2;88368;PMBC
G2;88372;ROIA
G2;88379;NU06
G2;88417;ACLS
G2;88507;CPGN
G2;88839;HBIO
G2;89043;NRGY
G2;89110;OMCL
G2;89270;FCCY
G2;89279;UNBS
G2;89327;ABGG
G2;89369;LCI
G2;89413;BGFV
G2;89416;HOFT
G2;89447;CVGW
G2;89546;NA25
G2;89572;PRTH
G2;89574;PRAA
G2;89575;SAFG
G2;89576;
G2;89611;ACRI
G2;89643;FCCO
G2;89738;MBTF
G2;89821;BN04
G2;89826;TCBI
G2;89828;UVSP
G2;89904;BWLD
G2;89922;TSRA
G2;89952;CMII
G2;90029;DVAX
G2;90081;CUTR
G2;90086;MBVT
G2;90164;GNLC
G2;90223;DRAD
G2;90228;
G2;90358;GVBK
G2;90417;
G2;90591;EFSC
G2;90600;KRNY
G2;90703;TGPN
G2;90710;PL0K
G2;90742;RACK
G2;90806;DCHA/1
G2;90865;KONA
G2;90871;RUTH
G2;90956;NCIT
G2;90963;AMES
G2;90984;WSPI
G2;91076;CLTM
G2;91095;LQDT
G2;91096;MHGC
G2;91161;GPRE
G2;91167;
G2;91262;ATL2
G2;91269;CBBT
G2;91274;FBMS
G2;91279;NOVC
G2;91299;GFNF
G2;91363;PGTI
G2;91468;ICFI
G2;91471;PFTR
G2;91688;EIG
G2;91818;ESGR
G2;91855;SFNC
G2;91954;ARCW
G2;92093;FBCM
G2;92245;HANO
G2;92318;TOWN
G2;92449;REDD
G2;92588;HECC
G2;92635;NXB
G2;92684;MHLD
G2;92685;MLVF
G2;92692;BKJ
G2;92696;HPJJ
G2;92729;JBT
G2;92771;HSNI
G2;92873;DNBF
G2;92924;DGI
G2;93106;BI0B
G2;93130;
G2;93149;AKHN
G2;93233;MSGN
G2;93330;PRMC
G2;93368;EA0V
G2;93372;PLOW
G2;93433;
G3;10201;ATT
G3;10259;SIGM
G3;10294;
G3;10395;NAVG
G3;10514;TWMC
G3;10547;AA0V
G3;10661;CYAN
G3;10886;DXYN
G3;10892;WSFS
G3;11208;OFB
G3;11361;ECTT
G3;11368;AA00
G3;11370;ENV
G3;11378;CRBN
G3;11581;APWR
G3;11587;ATNG
G3;11593;SNLF
G3;11638;LABL
G3;11748;
G3;11790;ALCO
G3;11803;MITK
G3;11844;PKVL
G3;12068;OLDB
G3;12411;TKMR
G3;12495;
G3;12501;FRPI
G3;12588;RMIX
G3;12745;NGLZ
G3;12747;NMFC
G3;12908;WAIR
G3;12960;CARZ
G3;12971;UBPS
G3;13006;FMNB
G3;13007;LC02
G3;13014;
G3;13036;
G3;13084;MNN
G3;13160;JIVE
G3;13201;REGZ
G3;13249;PRLB
G3;13260;BCOV
G3;13263;CEMP
G3;13278;HMST
G3;13342;BLOX
G3;13410;SUPN
G3;13453;CEMI
G3;13520;CHUY
G3;13534;IBTH
G3;13561;
G3;13640;CUBN
G3;13642;
G3;13652;RGLS
G3;13740;CVRR
G3;13761;STML
G3;13766;BCCZ
G3;13908;PENY
G3;13930;KMDA
G3;13992;GIMO
G3;14026;JONE
G3;14092;ASCC
G3;14094;GIXC
G3;14131;MYCC
G3;14150;COVS
G3;14157;ENZY
G3;14166;00JB
G3;14214;OCIP
G3;14233;WNRL
G3;14238;AERI
G3;14258;PBPB
G3;14262;QBYT
G3;14276;EK
G3;14291;MEPP
G3;14304;CACQ
G3;14318;NMIH
G3;14344;SATL
G3;14423;000V
G3;14425;
G3;14447;001C
G3;14450;CMFN
G3;14478;CBPX
G3;14504;001N
G3;14543;BLBD
G3;14552;RXDX
G3;14565;FSIC
G3;14602;OPB
G3;14603;003K
G3;14647;ALDX
G3;14697;006J
G3;14761;ARSD
G3;14783;WLKP
G3;14786;008U
G3;14790;AAVL
G3;14792;BHBK
G3;14795;TKR
G3;14797;CDNA
G3;14807;IRMD
G3;14816;TR
G3;14855;RYI
G3;14870;97
G3;14927;CFRX
G3;14981;USDP
G3;14986;ATTO
G3;15006;
G3;15015;PRTO
G3;15057;APDN
G3;15059;00CL
G3;15070;AROW
G3;15084;TBK
G3;15140;00DV
G3;15172;AVGR
G3;15175;
G3;15270;00L4
G3;15272;SEDG
G3;15282;ADRO
G3;15283;APIC
G3;15286;CDTX
G3;15313;EVA
G3;15327;PRTY
G3;15339;00NO
G3;15370;00O7
G3;15410;APPF
G3;15411;015F
G3;15427;GPP
G3;15435;PUB
G3;15452;EVH
G3;15490;LITEV
G3;15497;CHMA
G3;15531;00TC
G3;15535;OLLI
G3;15543;XELB
G3;15582;OOMA
G3;15636;CNFR
G3;15652;
G3;15665;CRHM
G3;15724;00V5
G3;15780;DMTX
G3;15782;
G3;15786;IOTS
G3;15789;NVCR
G3;15791;
G3;15795;SGRY
G3;15824;00XB
G3;15831;00XR
G3;15853;012B
G3;15857;WVE
G3;15863;OCX
G3;15899;
G3;15917;GCPWI
G3;17137;BSET
G3;18075;AP
G3;18649;PZB
G3;20598;CALM
G3;27430;CTB
G3;28118;NC1
G3;28564;CTS
G3;29612;BER
G3;33770;DCAP
G3;33823;BOOM
G3;34367;FARM
G3;34936;
G3;37154;FONR
G3;38420;CNK
G3;45655;CDI
G3;46340;SFE
G3;46923;
G3;47511;EBF
G3;47571;KEQU
G3;48347;LAZB
G3;48961;LAWS
G3;49138;SIF
G3;50286;LEE
G3;50623;MTSC
G3;50789;MDSN
G3;51086;WGO
G3;51423;MRCS
G3;51925;MAUI
G3;52250;MCHT
G3;52396;SUP
G3;53110;BMI
G3;53225;WPO
G3;54114;MLHR
G3;55993;NSSC
G3;58334;NWNG
G3;59045;KEX
G3;59256;CRW
G3;59774;LDL
G3;61269;PKOH
G3;64742;PCYL
G3;64805;
G3;75460;TANT
G3;75556;NBN
G3;75714;GTNR
G3;75831;DGII
G3;76261;FAIL
G3;76279;MTR1
G3;76529;NRIM
G3;76586;CIT2
G3;76672;PMDX
G3;76684;HBHC
G3;76708;DVR1
G3;76721;FORT
G3;76788;AMH1
G3;76798;EZPW
G3;76838;MAIC
G3;76856;PAWN
G3;76961;NTAI
G3;77186;
G3;77282;MSON
G3;77447;ICUI
G3;77488;NO2U
G3;77569;LRP
G3;77610;PANL
G3;77629;USPH
G3;77735;OIL1
G3;77790;
G3;77889;FUTD
G3;77900;CPIA
G3;78077;TFT
G3;78189;PESI
G3;78418;STKL
G3;79013;SYBA
G3;79026;CHDN
G3;79131;MSLI
G3;79315;CHKE
G3;79824;FIFB
G3;79839;ITRI
G3;79862;ROK1
G3;80034;SHOO
G3;80113;CLDN
G3;80223;BPBC
G3;80237;EFCX
G3;80343;NNBR
G3;80517;AA2U
G3;80635;IMAX
G3;80655;NXUS
G3;80759;MATW
G3;80987;KNGT
G3;81190;VOLT
G3;81278;STRT
G3;81294;WDFC
G3;81527;MDZ1
G3;81566;MAL2
G3;81577;WFSL
G3;81610;CWCO
G3;81614;WSCI
G3;81666;HAI
G3;81869;GSES
G3;82163;CLGY
G3;82171;AA1A
G3;82287;TERA
G3;82670;MHTT
G3;82848;TTNP
G3;82855;ELPA
G3;83155;OH0A
G3;83382;INF1
G3;83411;RINT
G3;83503;EXAC
G3;83630;BVSN
G3;83720;FFG
G3;84026;DVD
G3;84062;CHGO
G3;84215;GLTB
G3;84389;FNC
G3;84397;UNTY
G3;84601;
G3;84648;RMM
G3;84650;
G3;84737;GIFI
G3;85013;INTT
G3;85040;SIMU
G3;85059;FIX
G3;85177;EGHT
G3;85293;HYSQ
G3;85522;AMCC
G3;85656;MBP
G3;85725;CFFI
G3;85731;HFWA
G3;85875;IBOC
G3;85951;OME
G3;86026;OTL
G3;86051;AXTI
G3;86062;EVOL
G3;86312;SALB
G3;86362;SYXI
G3;86802;HGT
G3;86965;FIIS
G3;87000;STMP
G3;87061;CTCH
G3;87162;FLWS
G3;87318;EBGN
G3;87415;RUDO
G3;87426;DW
G3;87525;MFSF
G3;87656;CHMX
G3;88174;LPSN
G3;88203;VDSI
G3;88240;
G3;88257;PFBX
G3;88331;CPHD
G3;88340;EXFO
G3;88439;ENTG
G3;88475;VASS
G3;88485;EVC
G3;88495;OEH
G3;88564;RTIX
G3;88615;AA30
G3;88729;HYG1
G3;88750;XXIA
G3;88841;RECN
G3;88865;HAFC
G3;88897;OIS
G3;88912;IBCP
G3;89063;
G3;89068;TAU2
G3;89203;AAAD
G3;89207;KIND
G3;89252;FVE
G3;89297;COI
G3;89387;CPSI
G3;89395;PNFP
G3;89424;SVBI
G3;89445;BDSI
G3;89482;FPTB
G3;89506;SCST
G3;89547;NRP
G3;89570;MMLP
G3;89753;FORX
G3;89905;CADL
G3;89908;CONN
G3;89913;MRLN
G3;89916;NXST
G3;89948;
G3;89977;APIN
G3;90011;CMD2
G3;90118;SEA2
G3;90126;CYTK
G3;90219;SFLI
G3;90233;MNTA
G3;90329;
G3;90464;USMO
G3;90470;ATLO
G3;90605;UACL
G3;90763;NSR
G3;90825;ABDW
G3;90850;SXCI
G3;90926;PIPK
G3;90948;CBHQ
G3;91020;CYNO
G3;91037;AAVA
G3;91114;KPO
G3;91186;VNDA
G3;91271;CODI
G3;91389;VEHQ
G3;91408;SSBI
G3;91446;BTCU
G3;91463;CVLT
G3;91560;DAC
G3;91605;CPLA
G3;91655;ANW
G3;91665;ALBA
G3;91678;TAST
G3;91845;CEPL
G3;91907;SMIC
G3;91908;
G3;91910;USTT
G3;91967;SYUT
G3;92029;TRSA
G3;92038;ENOC
G3;92041;GLRE
G3;92184;PMC
G3;92207;SHOR
G3;92226;SCMP
G3;92345;NVBY
G3;92478;FORK
G3;92502;PAX
G3;92523;EBSB
G3;92596;GHQ
G3;92597;HIK
G3;92726;AM40
G3;92775;TREK
G3;92807;UBAN
G3;92808;DMRC
G3;92854;CLWW
G3;92872;
G3;92919;OR0Q
G3;92984;LOGM
G3;93073;ADUS
G3;93078;DRWI
G3;93305;FNGN
G3;93426;VPGW